outlook_id,institution,institution_type,title,published_at,horizon,growth_bias,inflation_bias,policy_bias,market_bias,key_themes,risks,summary,source_url,source_tier,review_status,captured_at
imf-weo-2026-07,IMF,multilateral,World Economic Outlook Update July 2026,2026-07-08,2026-2027,mixed,negative,mixed,mixed,"uneven global growth; disinflation; trade and policy divergence","geopolitical escalation; market repricing; inflation persistence","The IMF frames global activity as uneven and the disinflation path as vulnerable, with meaningful downside risks around conflict and financial repricing.",https://www.imf.org/en/Publications/WEO/Issues/2026/07/08/world-economic-outlook-update-july-2026,multilateral_primary,reviewed,2026-08-21T00:00:00Z
world-bank-gep-2026-06,World Bank,multilateral,Global Economic Prospects June 2026,2026-06-01,2026-2027,negative,negative,negative,mixed,"energy shock; weaker growth; tighter financial conditions","prolonged conflict; energy inflation; higher borrowing costs","The World Bank highlights weaker growth and higher inflation and borrowing costs following the Middle East energy shock.",https://thedocs.worldbank.org/en/doc/2b672b3b0415d6b66c45b66579db4ef5-0050012026/global-economic-prospects-june-2026,multilateral_primary,reviewed,2026-08-21T00:00:00Z
oecd-outlook-2026-06,OECD,multilateral,OECD Economic Outlook June 2026,2026-06-01,2026-2027,negative,negative,mixed,mixed,"energy disruption scenarios; weaker global growth; inflation pressure","prolonged energy disruption; trade fragmentation","The OECD uses alternative energy-disruption scenarios, emphasizing weaker output and higher inflation if the shock persists.",https://www.oecd.org/en/about/news/press-releases/2026/06/global-economic-outlook-weakens-amid-energy-shock-and-rising-inflationary-pressures.html,multilateral_primary,reviewed,2026-08-21T00:00:00Z
bis-aer-2026,BIS,central_bank,Annual Economic Report 2026,2026-06-29,medium_term,mixed,negative,negative,mixed,"resilience; fiscal-monetary interaction; financial stability","fiscal vulnerability; inflation persistence; financial imbalances","The BIS stresses macro-financial resilience while warning that fiscal vulnerabilities, inflation risks and financial imbalances constrain policy.",https://www.bis.org/publ/arpdf/ar2026e.htm,central_bank_primary,reviewed,2026-08-21T00:00:00Z
blackrock-midyear-2026,BlackRock,asset_manager,2026 Midyear Global Outlook,2026-06-01,6_to_18_months,positive,negative,negative,positive,"AI capital spending; scarcity versus abundance; income","sticky inflation; higher rates; concentrated equity leadership","BlackRock remains constructive on AI-linked investment themes but expects persistent inflation and higher-for-longer rates to keep selectivity important.",https://www.blackrock.com/us/individual/insights/blackrock-investment-institute/outlook,institution_primary,reviewed,2026-08-21T00:00:00Z
jpm-midyear-2026,J.P. Morgan,bank,Mid-Year Outlook 2026,2026-06-01,6_to_18_months,positive,negative,mixed,positive,"solid growth; AI capex; geopolitical fragmentation","sticky inflation; valuation; geopolitical shocks","J.P. Morgan describes solid growth and AI-led investment as supportive while flagging sticky inflation, valuations and geopolitical fragmentation.",https://www.jpmorgan.com/insights/global-research/outlook/mid-year-outlook,institution_primary,reviewed,2026-08-21T00:00:00Z
goldman-outlook-2026,Goldman Sachs,bank,2026 Outlooks,2025-12-01,2026,positive,mixed,mixed,positive,"global growth; earnings; AI investment; cross-asset allocation","elevated valuations; inflation; policy error","Goldman Sachs presents a constructive growth and earnings base case while acknowledging elevated valuations and macro-policy risks.",https://www.goldmansachs.com/insights/outlooks/2026-outlooks,institution_primary,reviewed,2026-08-21T00:00:00Z
morgan-stanley-midyear-2026,Morgan Stanley,bank,2026 Midyear Economic Outlook,2026-06-01,2026-2027,positive,negative,mixed,positive,"global growth; AI investment; developed-market equities","energy shock; inflation; geopolitical conflict","Morgan Stanley expects continued global growth and AI-related investment, tempered by energy, inflation and geopolitical risks.",https://www.morganstanley.com/insights/articles/economic-outlook-midyear-2026,institution_primary,reviewed,2026-08-21T00:00:00Z
vanguard-outlook-2026,Vanguard,asset_manager,2026 Economic and Market Outlook,2025-12-10,2026_and_10_year_returns,mixed,mixed,mixed,mixed,"AI scenarios; bonds; value; non-US equities","US growth valuation downside; inflation; AI disappointment","Vanguard contrasts AI-driven upside with elevated US growth valuations and highlights stronger risk-adjusted prospects in bonds, value and non-US equities.",https://corporate.vanguard.com/content/corporatesite/us/en/corp/who-we-are/pressroom/press-release-vanguard-releases-2026-economic-and-market-outlook-121025.html,institution_primary,reviewed,2026-08-21T00:00:00Z
